DayOfWeek,AvgSteps
Monday,7118.5882352941162
Tuesday,4914.9178082191784
Wednesday,7510.7083333333339
Thursday,6847.083333333333
Friday,6737.5616438356183
Saturday,7089.7733333333344
Sunday,6058.0138888888878
